Regiao,Estado,Cidade,Latitude,Longitude,Ano,Temp_Media_Anual,Temp_Max_Media_Anual,Temp_Min_Media_Anual,Maior_Temp_Max,Menor_Temp_Min,Precipitacao_Total,Dias_Quentes,Dias_Muito_Quentes,Dias_Frios,Dias_Chuva_Forte,Dias_Extremos,Amplitude_Media
Centro-Oeste,DF,Brasilia,-15.78,-47.93,2011,23.94,29.2,18.87,35.04,11.26,2202.68,166,3,0,33,35,10.33
Centro-Oeste,DF,Brasilia,-15.78,-47.93,2012,24.09,29.36,19.02,37.02,12.19,2200.6,148,6,0,28,33,10.33
Centro-Oeste,DF,Brasilia,-15.78,-47.93,2013,24.03,29.26,18.9,36.52,11.25,2342.2,161,5,0,34,38,10.36
Centro-Oeste,DF,Brasilia,-15.78,-47.93,2014,24.05,29.29,18.95,35.6,12.44,2182.09,159,2,0,31,33,10.34
Centro-Oeste,DF,Brasilia,-15.78,-47.93,2015,24.06,29.25,19.0,35.29,13.31,2401.99,146,1,0,35,36,10.25
Centro-Oeste,DF,Brasilia,-15.78,-47.93,2016,24.13,29.39,19.04,36.29,12.32,2205.86,164,5,0,31,35,10.35
Centro-Oeste,DF,Brasilia,-15.78,-47.93,2017,24.11,29.32,19.04,35.23,12.02,2233.22,160,1,0,29,30,10.28
Centro-Oeste,DF,Brasilia,-15.78,-47.93,2018,24.03,29.28,18.91,36.06,11.95,2146.39,157,3,0,33,35,10.37
Centro-Oeste,DF,Brasilia,-15.78,-47.93,2019,24.07,29.33,18.94,36.36,12.11,2169.14,154,3,0,25,28,10.39
Centro-Oeste,DF,Brasilia,-15.78,-47.93,2020,24.12,29.33,19.04,36.3,12.49,2199.15,154,4,0,30,32,10.29
Centro-Oeste,DF,Brasilia,-15.78,-47.93,2021,24.03,29.26,18.93,35.72,12.72,2482.1,150,4,0,31,34,10.33
Centro-Oeste,DF,Brasilia,-15.78,-47.93,2022,24.19,29.42,19.12,35.4,11.87,2425.45,165,2,0,35,37,10.3
Centro-Oeste,DF,Brasilia,-15.78,-47.93,2023,24.29,29.48,19.25,36.56,12.7,2264.51,162,6,0,31,36,10.23
Centro-Oeste,DF,Brasilia,-15.78,-47.93,2024,24.31,29.55,19.2,36.47,12.39,2155.95,168,4,0,29,33,10.35
Centro-Oeste,DF,Brasilia,-15.78,-47.93,2025,24.19,29.41,19.12,36.66,11.11,2213.17,156,3,0,30,33,10.29
Centro-Oeste,GO,Goiania,-16.68,-49.25,2011,25.02,30.36,19.86,38.31,12.89,2321.35,200,17,0,31,46,10.5
Centro-Oeste,GO,Goiania,-16.68,-49.25,2012,25.12,30.37,19.96,36.55,13.29,2147.14,206,6,0,27,33,10.4
Centro-Oeste,GO,Goiania,-16.68,-49.25,2013,25.17,30.54,20.01,38.1,12.59,2332.54,212,17,0,27,40,10.53
Centro-Oeste,GO,Goiania,-16.68,-49.25,2014,25.03,30.28,19.89,37.43,13.01,2237.67,192,11,0,24,33,10.39
Centro-Oeste,GO,Goiania,-16.68,-49.25,2015,24.99,30.3,19.82,36.05,13.17,2173.63,197,10,0,32,39,10.49
Centro-Oeste,GO,Goiania,-16.68,-49.25,2016,25.07,30.39,19.89,37.08,12.35,2482.36,200,13,0,31,42,10.5
Centro-Oeste,GO,Goiania,-16.68,-49.25,2017,25.05,30.36,19.9,36.54,13.21,2477.85,196,11,0,33,41,10.45
Centro-Oeste,GO,Goiania,-16.68,-49.25,2018,25.09,30.42,19.9,37.2,13.35,2441.43,196,16,0,35,48,10.52
Centro-Oeste,GO,Goiania,-16.68,-49.25,2019,25.22,30.49,20.12,37.88,13.39,2215.91,195,13,0,36,47,10.37
Centro-Oeste,GO,Goiania,-16.68,-49.25,2020,25.11,30.42,19.96,36.3,13.98,2369.52,199,13,0,34,46,10.46
Centro-Oeste,GO,Goiania,-16.68,-49.25,2021,25.31,30.64,20.11,37.83,12.7,2208.17,206,16,0,32,45,10.53
Centro-Oeste,GO,Goiania,-16.68,-49.25,2022,25.27,30.55,20.14,36.92,13.38,2223.28,204,13,0,29,40,10.41
Centro-Oeste,GO,Goiania,-16.68,-49.25,2023,25.14,30.39,20.01,36.42,13.69,2065.47,197,17,0,27,41,10.38
Centro-Oeste,GO,Goiania,-16.68,-49.25,2024,25.36,30.6,20.28,37.19,13.65,2312.71,203,18,0,34,50,10.32
Centro-Oeste,GO,Goiania,-16.68,-49.25,2025,25.3,30.55,20.23,36.33,12.98,2081.03,206,19,0,29,45,10.32
Centro-Oeste,MS,Campo Grande,-20.44,-54.64,2011,24.79,30.32,19.44,36.97,12.19,2718.09,193,14,0,38,50,10.88
Centro-Oeste,MS,Campo Grande,-20.44,-54.64,2012,24.87,30.43,19.49,35.63,13.17,2378.91,197,16,0,34,50,10.94
Centro-Oeste,MS,Campo Grande,-20.44,-54.64,2013,24.9,30.38,19.56,37.27,12.02,2266.85,197,15,0,28,39,10.82
Centro-Oeste,MS,Campo Grande,-20.44,-54.64,2014,24.96,30.52,19.53,37.37,11.92,2701.79,194,20,0,39,55,11.0
Centro-Oeste,MS,Campo Grande,-20.44,-54.64,2015,24.89,30.43,19.48,37.33,12.41,2177.22,203,19,0,33,49,10.95
Centro-Oeste,MS,Campo Grande,-20.44,-54.64,2016,24.92,30.43,19.57,37.57,12.49,2364.28,193,20,0,30,48,10.86
Centro-Oeste,MS,Campo Grande,-20.44,-54.64,2017,24.9,30.4,19.54,37.62,11.53,2175.89,201,16,0,30,44,10.86
Centro-Oeste,MS,Campo Grande,-20.44,-54.64,2018,24.87,30.44,19.48,36.95,13.35,2210.28,201,17,0,33,46,10.96
Centro-Oeste,MS,Campo Grande,-20.44,-54.64,2019,24.97,30.49,19.62,36.47,13.01,2276.13,199,23,0,30,46,10.87
Centro-Oeste,MS,Campo Grande,-20.44,-54.64,2020,24.96,30.42,19.67,37.73,12.33,2274.95,196,13,0,36,45,10.75
Centro-Oeste,MS,Campo Grande,-20.44,-54.64,2021,24.95,30.48,19.57,36.8,11.91,2300.27,200,13,0,29,42,10.91
Centro-Oeste,MS,Campo Grande,-20.44,-54.64,2022,24.96,30.46,19.57,37.5,12.53,2156.75,210,15,0,26,37,10.89
Centro-Oeste,MS,Campo Grande,-20.44,-54.64,2023,25.03,30.58,19.64,38.66,12.5,2412.55,207,14,0,39,50,10.94
Centro-Oeste,MS,Campo Grande,-20.44,-54.64,2024,25.02,30.54,19.66,38.01,13.14,2662.4,201,17,0,37,51,10.88
Centro-Oeste,MS,Campo Grande,-20.44,-54.64,2025,24.97,30.49,19.64,36.5,13.48,2332.4,198,22,0,34,52,10.85
Centro-Oeste,MT,Cuiaba,-15.6,-56.09,2011,26.58,31.77,21.55,39.7,15.02,2068.25,252,51,0,29,72,10.22
Centro-Oeste,MT,Cuiaba,-15.6,-56.09,2012,26.45,31.72,21.33,37.57,14.87,1901.67,258,49,0,25,67,10.39
Centro-Oeste,MT,Cuiaba,-15.6,-56.09,2013,26.54,31.76,21.46,38.48,14.84,2358.47,255,47,0,33,69,10.3
Centro-Oeste,MT,Cuiaba,-15.6,-56.09,2014,26.61,31.79,21.56,38.35,14.54,2448.33,251,58,0,35,84,10.23
Centro-Oeste,MT,Cuiaba,-15.6,-56.09,2015,26.61,31.79,21.56,38.21,15.15,2412.91,244,50,0,36,76,10.22
Centro-Oeste,MT,Cuiaba,-15.6,-56.09,2016,26.5,31.69,21.45,37.88,14.34,2322.01,248,55,0,33,77,10.23
Centro-Oeste,MT,Cuiaba,-15.6,-56.09,2017,26.58,31.82,21.47,39.39,14.82,2770.87,255,62,0,45,94,10.35
Centro-Oeste,MT,Cuiaba,-15.6,-56.09,2018,26.59,31.84,21.49,38.43,14.67,2604.02,252,56,0,38,84,10.35
Centro-Oeste,MT,Cuiaba,-15.6,-56.09,2019,26.58,31.78,21.51,39.53,15.45,2341.82,256,58,0,32,85,10.27
Centro-Oeste,MT,Cuiaba,-15.6,-56.09,2020,26.65,31.86,21.59,38.13,15.06,2253.84,258,54,0,31,72,10.28
Centro-Oeste,MT,Cuiaba,-15.6,-56.09,2021,26.75,31.98,21.67,38.97,14.13,2223.14,260,61,0,32,79,10.31
Centro-Oeste,MT,Cuiaba,-15.6,-56.09,2022,26.64,31.89,21.54,38.47,14.38,2232.82,259,63,0,33,88,10.34
Centro-Oeste,MT,Cuiaba,-15.6,-56.09,2023,26.84,32.1,21.73,40.5,14.93,2078.81,268,64,0,28,80,10.36
Centro-Oeste,MT,Cuiaba,-15.6,-56.09,2024,26.8,32.08,21.65,39.14,14.65,2094.65,265,60,0,27,74,10.42
Centro-Oeste,MT,Cuiaba,-15.6,-56.09,2025,26.77,32.01,21.69,37.89,15.61,2302.47,254,77,0,35,95,10.32
Nordeste,AL,Maceio,-9.66,-35.73,2011,26.38,31.19,21.76,36.14,16.4,786.43,259,6,0,7,13,9.43
Nordeste,AL,Maceio,-9.66,-35.73,2012,26.29,31.16,21.58,36.2,16.31,1102.21,246,7,0,11,18,9.58
Nordeste,AL,Maceio,-9.66,-35.73,2013,26.33,31.2,21.61,36.59,15.6,895.96,263,5,0,10,14,9.59
Nordeste,AL,Maceio,-9.66,-35.73,2014,26.43,31.32,21.67,36.72,16.15,751.75,262,13,0,6,19,9.65
Nordeste,AL,Maceio,-9.66,-35.73,2015,26.33,31.18,21.64,36.34,16.65,889.15,257,10,0,9,19,9.54
Nordeste,AL,Maceio,-9.66,-35.73,2016,26.32,31.24,21.53,36.35,15.67,780.29,263,8,0,8,16,9.71
Nordeste,AL,Maceio,-9.66,-35.73,2017,26.51,31.32,21.84,37.68,16.36,1060.98,260,10,0,9,19,9.48
Nordeste,AL,Maceio,-9.66,-35.73,2018,26.32,31.21,21.6,36.55,16.41,996.42,255,15,0,10,24,9.61
Nordeste,AL,Maceio,-9.66,-35.73,2019,26.34,31.13,21.68,36.04,17.03,727.32,255,1,0,7,8,9.45
Nordeste,AL,Maceio,-9.66,-35.73,2020,26.41,31.33,21.67,36.45,15.92,802.76,272,13,0,8,21,9.66
Nordeste,AL,Maceio,-9.66,-35.73,2021,26.41,31.27,21.75,37.48,15.96,1136.93,263,14,0,10,24,9.51
Nordeste,AL,Maceio,-9.66,-35.73,2022,26.47,31.38,21.74,36.9,16.74,867.13,269,8,0,8,16,9.65
Nordeste,AL,Maceio,-9.66,-35.73,2023,26.57,31.41,21.85,36.35,16.03,838.11,279,11,0,8,19,9.56
Nordeste,AL,Maceio,-9.66,-35.73,2024,26.53,31.42,21.74,35.88,16.17,833.75,289,7,0,9,16,9.68
Nordeste,AL,Maceio,-9.66,-35.73,2025,26.48,31.4,21.73,36.54,15.94,662.12,274,13,0,5,18,9.67
Nordeste,BA,Salvador,-12.97,-38.5,2011,26.32,31.35,21.42,36.32,16.45,822.77,275,14,0,7,21,9.93
Nordeste,BA,Salvador,-12.97,-38.5,2012,26.37,31.44,21.46,37.08,16.74,876.56,277,13,0,7,20,9.97
Nordeste,BA,Salvador,-12.97,-38.5,2013,26.23,31.35,21.27,38.17,15.51,714.51,273,12,0,5,17,10.07
Nordeste,BA,Salvador,-12.97,-38.5,2014,26.36,31.38,21.48,36.53,16.13,658.59,269,10,0,2,12,9.9
Nordeste,BA,Salvador,-12.97,-38.5,2015,26.36,31.42,21.43,37.12,15.12,693.47,282,12,0,5,17,9.99
Nordeste,BA,Salvador,-12.97,-38.5,2016,26.3,31.29,21.48,36.87,15.56,797.79,265,15,0,8,23,9.81
Nordeste,BA,Salvador,-12.97,-38.5,2017,26.35,31.45,21.39,36.83,16.59,791.16,277,11,0,7,18,10.06
Nordeste,BA,Salvador,-12.97,-38.5,2018,26.51,31.53,21.6,36.03,16.01,865.98,281,14,0,7,20,9.93
Nordeste,BA,Salvador,-12.97,-38.5,2019,26.43,31.47,21.52,36.15,16.77,793.43,277,12,0,5,17,9.95
Nordeste,BA,Salvador,-12.97,-38.5,2020,26.4,31.47,21.48,36.53,16.5,624.66,285,12,0,4,16,9.99
Nordeste,BA,Salvador,-12.97,-38.5,2021,26.55,31.6,21.63,37.09,14.42,732.02,279,23,0,6,29,9.97
Nordeste,BA,Salvador,-12.97,-38.5,2022,26.45,31.55,21.52,37.92,17.15,680.65,287,14,0,5,19,10.03
Nordeste,BA,Salvador,-12.97,-38.5,2023,26.5,31.63,21.51,38.54,16.19,791.96,285,19,0,9,27,10.12
Nordeste,BA,Salvador,-12.97,-38.5,2024,26.6,31.64,21.69,36.44,17.09,859.92,286,23,0,7,29,9.95
Nordeste,BA,Salvador,-12.97,-38.5,2025,26.5,31.56,21.61,36.65,16.66,786.63,283,20,0,4,24,9.94
Nordeste,CE,Fortaleza,-3.71,-38.54,2011,26.92,31.35,22.65,35.92,16.38,855.28,271,9,0,7,16,8.7
Nordeste,CE,Fortaleza,-3.71,-38.54,2012,26.99,31.48,22.65,36.67,17.61,572.54,273,12,0,3,15,8.83
Nordeste,CE,Fortaleza,-3.71,-38.54,2013,26.92,31.33,22.61,37.43,17.03,1008.54,276,13,0,13,25,8.71
Nordeste,CE,Fortaleza,-3.71,-38.54,2014,26.98,31.47,22.62,36.53,17.44,760.09,283,10,0,8,18,8.85
Nordeste,CE,Fortaleza,-3.71,-38.54,2015,27.0,31.48,22.66,36.38,17.21,821.65,280,10,0,8,18,8.82
Nordeste,CE,Fortaleza,-3.71,-38.54,2016,27.03,31.52,22.73,36.73,17.67,805.89,283,17,0,7,24,8.79
Nordeste,CE,Fortaleza,-3.71,-38.54,2017,26.91,31.34,22.6,36.74,18.16,795.09,261,11,0,9,20,8.75
Nordeste,CE,Fortaleza,-3.71,-38.54,2018,27.05,31.52,22.73,36.76,17.33,883.9,273,14,0,9,23,8.8
Nordeste,CE,Fortaleza,-3.71,-38.54,2019,27.1,31.54,22.8,36.97,16.94,865.73,273,15,0,8,23,8.73
Nordeste,CE,Fortaleza,-3.71,-38.54,2020,27.06,31.55,22.69,37.47,17.13,670.25,279,9,0,6,15,8.86
Nordeste,CE,Fortaleza,-3.71,-38.54,2021,27.07,31.56,22.74,36.21,17.61,766.12,282,13,0,7,20,8.81
Nordeste,CE,Fortaleza,-3.71,-38.54,2022,27.07,31.63,22.68,37.09,16.91,942.4,286,17,0,10,27,8.94
Nordeste,CE,Fortaleza,-3.71,-38.54,2023,27.11,31.56,22.8,37.35,17.87,675.81,282,10,0,5,15,8.76
Nordeste,CE,Fortaleza,-3.71,-38.54,2024,27.15,31.66,22.81,37.48,16.96,959.02,292,11,0,13,24,8.85
Nordeste,CE,Fortaleza,-3.71,-38.54,2025,27.17,31.65,22.82,36.39,17.07,763.01,289,13,0,9,22,8.83
Nordeste,MA,Sao Luis,-2.53,-44.3,2011,26.24,30.66,22.0,35.38,16.27,815.78,222,3,0,7,10,8.67
Nordeste,MA,Sao Luis,-2.53,-44.3,2012,26.28,30.71,22.0,36.44,14.89,765.95,232,6,0,7,13,8.71
Nordeste,MA,Sao Luis,-2.53,-44.3,2013,26.4,30.85,22.09,36.59,16.14,739.07,228,4,0,7,11,8.75
Nordeste,MA,Sao Luis,-2.53,-44.3,2014,26.28,30.6,22.1,36.13,16.97,913.11,211,4,0,11,15,8.5
Nordeste,MA,Sao Luis,-2.53,-44.3,2015,26.38,30.82,22.1,36.01,16.88,962.84,238,6,0,11,17,8.72
Nordeste,MA,Sao Luis,-2.53,-44.3,2016,26.43,30.84,22.19,35.78,16.99,866.01,239,4,0,9,13,8.65
Nordeste,MA,Sao Luis,-2.53,-44.3,2017,26.34,30.75,22.1,36.43,16.64,647.09,231,3,0,7,10,8.65
Nordeste,MA,Sao Luis,-2.53,-44.3,2018,26.37,30.72,22.15,35.84,16.57,765.1,219,5,0,6,11,8.57
Nordeste,MA,Sao Luis,-2.53,-44.3,2019,26.41,30.77,22.19,35.8,17.42,743.67,240,8,0,7,15,8.58
Nordeste,MA,Sao Luis,-2.53,-44.3,2020,26.32,30.83,22.02,36.27,16.87,880.44,236,4,0,9,13,8.81
Nordeste,MA,Sao Luis,-2.53,-44.3,2021,26.38,30.68,22.23,35.13,16.28,757.56,231,2,0,7,9,8.45
Nordeste,MA,Sao Luis,-2.53,-44.3,2022,26.46,30.93,22.11,35.47,15.44,828.2,245,2,0,7,9,8.82
Nordeste,MA,Sao Luis,-2.53,-44.3,2023,26.61,31.04,22.32,36.16,16.94,861.71,252,6,0,10,16,8.71
Nordeste,MA,Sao Luis,-2.53,-44.3,2024,26.45,30.77,22.26,37.08,16.99,891.12,230,3,0,8,11,8.52
Nordeste,MA,Sao Luis,-2.53,-44.3,2025,26.53,30.91,22.27,36.33,17.24,609.94,236,9,0,3,12,8.63
Nordeste,PB,Joao Pessoa,-7.11,-34.86,2011,26.35,31.12,21.76,36.48,16.6,684.81,248,12,0,4,16,9.36
Nordeste,PB,Joao Pessoa,-7.11,-34.86,2012,26.28,30.96,21.77,36.26,16.58,1008.8,250,6,0,11,17,9.19
Nordeste,PB,Joao Pessoa,-7.11,-34.86,2013,26.34,30.96,21.88,37.08,15.5,817.56,247,9,0,10,19,9.08
Nordeste,PB,Joao Pessoa,-7.11,-34.86,2014,26.26,30.9,21.8,36.05,16.31,751.39,245,8,0,7,15,9.1
Nordeste,PB,Joao Pessoa,-7.11,-34.86,2015,26.34,31.02,21.79,35.33,17.2,798.05,252,5,0,7,12,9.23
Nordeste,PB,Joao Pessoa,-7.11,-34.86,2016,26.32,30.99,21.82,37.66,16.34,880.27,239,9,0,7,16,9.17
Nordeste,PB,Joao Pessoa,-7.11,-34.86,2017,26.36,31.02,21.88,35.89,16.97,732.08,258,4,0,7,11,9.14
Nordeste,PB,Joao Pessoa,-7.11,-34.86,2018,26.47,31.13,21.96,36.24,16.5,874.76,259,6,0,9,14,9.18
Nordeste,PB,Joao Pessoa,-7.11,-34.86,2019,26.39,31.11,21.85,36.47,16.95,825.49,260,5,0,8,13,9.26
Nordeste,PB,Joao Pessoa,-7.11,-34.86,2020,26.48,31.18,21.91,37.31,15.6,644.08,254,16,0,6,22,9.27
Nordeste,PB,Joao Pessoa,-7.11,-34.86,2021,26.49,31.16,21.98,36.15,17.17,844.99,247,12,0,8,20,9.17
Nordeste,PB,Joao Pessoa,-7.11,-34.86,2022,26.52,31.19,21.98,37.17,17.36,844.9,262,5,0,6,11,9.21
Nordeste,PB,Joao Pessoa,-7.11,-34.86,2023,26.51,31.16,21.99,36.76,16.92,875.92,271,5,0,7,12,9.17
Nordeste,PB,Joao Pessoa,-7.11,-34.86,2024,26.44,31.18,21.87,36.26,16.33,791.74,259,8,0,5,13,9.31
Nordeste,PB,Joao Pessoa,-7.11,-34.86,2025,26.56,31.2,22.08,36.89,17.45,961.03,259,4,0,11,15,9.12
Nordeste,PE,Recife,-8.05,-34.88,2011,26.49,31.12,22.0,36.18,17.74,831.24,267,7,0,8,15,9.12
Nordeste,PE,Recife,-8.05,-34.88,2012,26.56,31.26,22.0,36.15,16.67,883.17,262,11,0,9,20,9.26
Nordeste,PE,Recife,-8.05,-34.88,2013,26.69,31.44,22.1,36.67,16.97,762.34,277,14,0,7,21,9.34
Nordeste,PE,Recife,-8.05,-34.88,2014,26.53,31.34,21.87,37.2,17.68,743.7,273,9,0,5,13,9.46
Nordeste,PE,Recife,-8.05,-34.88,2015,26.47,31.1,21.91,37.26,16.61,663.8,256,12,0,4,16,9.19
Nordeste,PE,Recife,-8.05,-34.88,2016,26.59,31.37,21.97,37.03,16.43,978.42,270,11,0,12,23,9.4
Nordeste,PE,Recife,-8.05,-34.88,2017,26.61,31.42,21.94,36.69,17.27,819.28,281,12,0,9,21,9.48
Nordeste,PE,Recife,-8.05,-34.88,2018,26.56,31.27,21.92,35.8,17.1,957.47,267,6,0,11,17,9.35
Nordeste,PE,Recife,-8.05,-34.88,2019,26.54,31.35,21.92,36.37,16.8,869.4,268,9,0,10,19,9.42
Nordeste,PE,Recife,-8.05,-34.88,2020,26.62,31.46,21.97,36.51,17.27,633.14,278,7,0,4,11,9.49
Nordeste,PE,Recife,-8.05,-34.88,2021,26.61,31.42,21.92,37.35,17.05,982.79,272,14,0,13,27,9.5
Nordeste,PE,Recife,-8.05,-34.88,2022,26.71,31.44,22.13,37.58,17.18,922.23,264,13,0,9,22,9.31
Nordeste,PE,Recife,-8.05,-34.88,2023,26.69,31.5,22.08,37.39,16.88,886.82,276,12,0,9,21,9.42
Nordeste,PE,Recife,-8.05,-34.88,2024,26.69,31.41,22.07,37.21,17.17,882.34,275,8,0,9,17,9.35
Nordeste,PE,Recife,-8.05,-34.88,2025,26.79,31.48,22.21,36.73,16.8,1034.74,278,10,0,15,25,9.27
Nordeste,PI,Teresina,-5.09,-42.8,2011,27.56,32.08,23.19,36.7,16.22,887.57,314,26,0,6,31,8.9
Nordeste,PI,Teresina,-5.09,-42.8,2012,27.63,32.15,23.21,38.43,17.86,816.42,315,22,0,6,28,8.94
Nordeste,PI,Teresina,-5.09,-42.8,2013,27.69,32.19,23.31,36.88,18.01,829.7,317,29,0,9,38,8.88
Nordeste,PI,Teresina,-5.09,-42.8,2014,27.66,32.21,23.27,37.46,18.66,712.2,309,35,0,7,42,8.94
Nordeste,PI,Teresina,-5.09,-42.8,2015,27.74,32.35,23.3,37.79,18.98,759.56,319,37,0,8,45,9.05
Nordeste,PI,Teresina,-5.09,-42.8,2016,27.77,32.35,23.33,37.97,18.1,843.09,323,34,0,8,42,9.02
Nordeste,PI,Teresina,-5.09,-42.8,2017,27.66,32.24,23.22,38.05,18.04,709.49,311,30,0,4,34,9.02
Nordeste,PI,Teresina,-5.09,-42.8,2018,27.72,32.3,23.27,37.4,18.28,631.39,319,36,0,3,39,9.03
Nordeste,PI,Teresina,-5.09,-42.8,2019,27.64,32.25,23.19,37.68,17.93,915.6,320,28,0,10,38,9.06
Nordeste,PI,Teresina,-5.09,-42.8,2020,27.74,32.33,23.33,37.48,17.76,732.11,323,27,0,6,33,9.01
Nordeste,PI,Teresina,-5.09,-42.8,2021,27.74,32.34,23.26,37.46,18.59,991.92,312,37,0,9,44,9.09
Nordeste,PI,Teresina,-5.09,-42.8,2022,27.81,32.38,23.36,37.45,18.05,1002.01,321,34,0,13,46,9.02
Nordeste,PI,Teresina,-5.09,-42.8,2023,27.69,32.26,23.26,38.33,18.68,817.26,313,42,0,10,52,9.0
Nordeste,PI,Teresina,-5.09,-42.8,2024,27.81,32.37,23.42,36.93,18.72,682.24,319,35,0,6,41,8.95
Nordeste,PI,Teresina,-5.09,-42.8,2025,27.67,32.25,23.19,37.33,17.92,832.02,313,27,0,6,33,9.06
Nordeste,RN,Natal,-5.79,-35.2,2011,26.58,31.27,22.07,36.56,17.1,623.84,287,5,0,3,8,9.2
Nordeste,RN,Natal,-5.79,-35.2,2012,26.65,31.25,22.15,36.34,16.87,876.95,259,10,0,6,16,9.1
Nordeste,RN,Natal,-5.79,-35.2,2013,26.65,31.26,22.16,36.17,17.53,826.24,263,6,0,7,13,9.1
Nordeste,RN,Natal,-5.79,-35.2,2014,26.69,31.29,22.21,36.63,16.62,754.91,269,11,0,11,22,9.09
Nordeste,RN,Natal,-5.79,-35.2,2015,26.72,31.31,22.29,35.6,17.01,713.5,271,6,0,5,11,9.01
Nordeste,RN,Natal,-5.79,-35.2,2016,26.63,31.23,22.15,36.75,17.06,664.67,259,10,0,4,14,9.07
Nordeste,RN,Natal,-5.79,-35.2,2017,26.75,31.42,22.24,37.51,17.32,823.77,283,12,0,7,18,9.17
Nordeste,RN,Natal,-5.79,-35.2,2018,26.75,31.35,22.32,36.45,17.4,988.94,270,9,0,9,18,9.03
Nordeste,RN,Natal,-5.79,-35.2,2019,26.69,31.22,22.28,36.36,17.53,787.16,254,9,0,8,17,8.94
Nordeste,RN,Natal,-5.79,-35.2,2020,26.73,31.37,22.24,36.17,17.48,844.14,273,11,0,11,22,9.14
Nordeste,RN,Natal,-5.79,-35.2,2021,26.77,31.45,22.24,37.79,17.2,830.32,279,13,0,9,20,9.21
Nordeste,RN,Natal,-5.79,-35.2,2022,26.77,31.41,22.29,38.1,16.65,846.64,276,10,0,8,17,9.13
Nordeste,RN,Natal,-5.79,-35.2,2023,26.7,31.31,22.23,36.42,15.44,650.19,266,8,0,4,12,9.08
Nordeste,RN,Natal,-5.79,-35.2,2024,26.85,31.44,22.39,36.32,16.95,828.72,265,14,0,7,21,9.05
Nordeste,RN,Natal,-5.79,-35.2,2025,26.87,31.44,22.47,37.73,17.42,872.53,276,15,0,9,23,8.97
Nordeste,SE,Aracaju,-10.91,-37.07,2011,26.28,31.2,21.54,37.23,16.29,750.48,257,9,0,4,13,9.67
Nordeste,SE,Aracaju,-10.91,-37.07,2012,26.29,31.25,21.47,37.99,16.87,658.71,265,12,0,4,16,9.77
Nordeste,SE,Aracaju,-10.91,-37.07,2013,26.29,31.3,21.43,37.65,16.38,812.18,264,16,0,8,24,9.88
Nordeste,SE,Aracaju,-10.91,-37.07,2014,26.37,31.28,21.63,35.98,16.58,932.25,270,8,0,10,18,9.64
Nordeste,SE,Aracaju,-10.91,-37.07,2015,26.43,31.42,21.58,36.64,16.84,791.16,283,8,0,7,14,9.83
Nordeste,SE,Aracaju,-10.91,-37.07,2016,26.4,31.35,21.58,36.88,17.14,869.03,252,16,0,9,25,9.77
Nordeste,SE,Aracaju,-10.91,-37.07,2017,26.42,31.35,21.64,36.62,16.71,845.75,272,8,0,9,17,9.7
Nordeste,SE,Aracaju,-10.91,-37.07,2018,26.33,31.22,21.58,36.24,14.83,714.84,261,7,0,6,13,9.63
Nordeste,SE,Aracaju,-10.91,-37.07,2019,26.32,31.17,21.63,36.39,16.44,660.59,261,8,0,6,14,9.53
Nordeste,SE,Aracaju,-10.91,-37.07,2020,26.3,31.25,21.52,36.68,15.65,898.46,265,7,0,9,16,9.73
Nordeste,SE,Aracaju,-10.91,-37.07,2021,26.46,31.41,21.68,36.96,15.79,556.41,269,19,0,3,22,9.73
Nordeste,SE,Aracaju,-10.91,-37.07,2022,26.52,31.44,21.73,37.14,15.96,778.23,280,8,0,6,14,9.72
Nordeste,SE,Aracaju,-10.91,-37.07,2023,26.45,31.43,21.65,37.1,16.43,945.56,277,12,0,7,18,9.78
Nordeste,SE,Aracaju,-10.91,-37.07,2024,26.45,31.37,21.68,36.99,16.7,705.84,268,7,0,7,14,9.69
Nordeste,SE,Aracaju,-10.91,-37.07,2025,26.54,31.46,21.74,36.11,16.68,742.16,278,13,0,5,18,9.72
Norte,AC,Rio Branco,-9.97,-67.81,2011,26.95,31.8,22.25,36.38,16.97,4065.02,308,13,0,68,79,9.55
Norte,AC,Rio Branco,-9.97,-67.81,2012,26.99,31.82,22.31,36.68,16.36,3481.91,311,14,0,59,71,9.51
Norte,AC,Rio Branco,-9.97,-67.81,2013,27.06,31.96,22.32,37.22,16.42,4143.07,307,19,0,72,82,9.65
Norte,AC,Rio Branco,-9.97,-67.81,2014,26.99,31.92,22.19,37.65,17.66,3967.53,308,19,0,65,76,9.73
Norte,AC,Rio Branco,-9.97,-67.81,2015,27.08,32.02,22.28,38.28,15.37,3761.47,319,11,0,59,67,9.75
Norte,AC,Rio Branco,-9.97,-67.81,2016,27.14,31.94,22.46,37.42,17.44,4182.56,314,22,0,69,86,9.48
Norte,AC,Rio Branco,-9.97,-67.81,2017,27.12,31.99,22.4,38.53,18.12,4190.52,316,18,0,70,83,9.59
Norte,AC,Rio Branco,-9.97,-67.81,2018,27.12,32.04,22.36,37.1,17.24,3975.28,318,20,0,65,79,9.68
Norte,AC,Rio Branco,-9.97,-67.81,2019,27.04,31.86,22.37,36.35,17.14,3912.1,305,12,0,67,75,9.49
Norte,AC,Rio Branco,-9.97,-67.81,2020,27.07,32.03,22.28,35.89,17.94,3775.91,322,16,0,70,83,9.74
Norte,AC,Rio Branco,-9.97,-67.81,2021,27.21,32.12,22.45,36.42,17.54,3714.82,322,18,0,63,74,9.68
Norte,AC,Rio Branco,-9.97,-67.81,2022,27.21,32.09,22.51,37.47,17.06,4351.46,311,15,0,68,75,9.57
Norte,AC,Rio Branco,-9.97,-67.81,2023,27.18,32.07,22.42,36.36,17.1,3578.81,316,15,0,52,64,9.64
Norte,AC,Rio Branco,-9.97,-67.81,2024,27.19,32.13,22.43,38.3,17.15,4332.99,323,28,0,80,98,9.7
Norte,AC,Rio Branco,-9.97,-67.81,2025,27.22,32.13,22.52,36.59,17.32,3768.49,324,19,0,65,79,9.61
Norte,AM,Manaus,-3.11,-60.02,2011,27.69,32.17,23.35,37.66,18.82,3638.83,317,32,0,59,82,8.82
Norte,AM,Manaus,-3.11,-60.02,2012,27.73,32.17,23.45,37.09,17.92,3553.09,325,13,0,54,63,8.72
Norte,AM,Manaus,-3.11,-60.02,2013,27.77,32.2,23.48,36.75,16.75,3395.22,320,21,0,50,66,8.72
Norte,AM,Manaus,-3.11,-60.02,2014,27.74,32.19,23.4,37.44,17.07,3797.46,322,14,0,56,66,8.78
Norte,AM,Manaus,-3.11,-60.02,2015,27.76,32.15,23.51,36.47,18.09,3880.5,325,21,0,60,74,8.64
Norte,AM,Manaus,-3.11,-60.02,2016,27.77,32.2,23.47,37.54,19.33,4127.32,323,21,0,71,80,8.73
Norte,AM,Manaus,-3.11,-60.02,2017,27.77,32.19,23.49,36.93,17.55,4511.36,327,16,0,82,92,8.7
Norte,AM,Manaus,-3.11,-60.02,2018,27.83,32.19,23.61,37.03,18.44,3827.2,325,25,0,64,80,8.58
Norte,AM,Manaus,-3.11,-60.02,2019,27.8,32.24,23.48,39.05,18.33,3710.63,321,21,0,69,83,8.75
Norte,AM,Manaus,-3.11,-60.02,2020,27.8,32.27,23.49,37.69,18.71,3857.97,321,27,0,64,81,8.78
Norte,AM,Manaus,-3.11,-60.02,2021,27.78,32.2,23.49,37.43,18.68,3651.51,314,28,0,62,82,8.7
Norte,AM,Manaus,-3.11,-60.02,2022,27.86,32.37,23.51,37.61,18.49,3880.86,333,28,0,55,75,8.86
Norte,AM,Manaus,-3.11,-60.02,2023,27.9,32.31,23.65,37.48,19.04,3867.53,325,22,0,66,81,8.66
Norte,AM,Manaus,-3.11,-60.02,2024,27.82,32.24,23.58,37.69,18.58,4434.94,320,27,0,80,97,8.66
Norte,AM,Manaus,-3.11,-60.02,2025,27.85,32.27,23.59,37.43,19.05,4350.38,318,25,0,70,86,8.68
Norte,AP,Macapa,0.03,-51.06,2011,27.08,31.34,22.99,35.66,17.87,3805.27,283,7,0,60,65,8.35
Norte,AP,Macapa,0.03,-51.06,2012,26.98,31.18,22.93,37.04,17.51,4214.06,268,6,0,77,81,8.25
Norte,AP,Macapa,0.03,-51.06,2013,27.04,31.26,22.94,36.44,17.94,3811.57,275,5,0,65,67,8.32
Norte,AP,Macapa,0.03,-51.06,2014,27.13,31.37,23.06,36.15,17.81,3967.44,270,11,0,68,75,8.31
Norte,AP,Macapa,0.03,-51.06,2015,26.95,31.24,22.81,36.68,17.27,4620.23,270,3,0,73,75,8.43
Norte,AP,Macapa,0.03,-51.06,2016,27.04,31.28,22.96,35.9,18.66,3990.59,274,6,0,59,65,8.33
Norte,AP,Macapa,0.03,-51.06,2017,27.08,31.33,22.97,36.34,18.47,4192.71,274,6,0,69,74,8.36
Norte,AP,Macapa,0.03,-51.06,2018,26.94,31.18,22.9,35.75,18.03,4328.36,263,8,0,79,83,8.29
Norte,AP,Macapa,0.03,-51.06,2019,27.03,31.32,22.88,35.86,17.85,4158.72,278,5,0,69,72,8.44
Norte,AP,Macapa,0.03,-51.06,2020,27.17,31.42,23.07,36.99,17.72,3889.48,284,8,0,66,73,8.34
Norte,AP,Macapa,0.03,-51.06,2021,27.12,31.41,22.96,35.69,18.95,3899.11,273,6,0,76,81,8.45
Norte,AP,Macapa,0.03,-51.06,2022,27.15,31.48,22.97,37.78,18.67,4044.21,284,6,0,64,68,8.51
Norte,AP,Macapa,0.03,-51.06,2023,27.12,31.41,22.99,36.45,18.52,3717.33,282,12,0,60,70,8.41
Norte,AP,Macapa,0.03,-51.06,2024,27.18,31.51,23.02,35.89,16.61,3662.66,295,6,0,59,60,8.5
Norte,AP,Macapa,0.03,-51.06,2025,27.18,31.46,23.03,35.79,18.48,3668.06,286,6,0,65,70,8.43
Norte,PA,Belem,-1.27,-48.5,2011,27.35,31.66,23.21,36.3,18.51,3906.17,301,10,0,71,76,8.44
Norte,PA,Belem,-1.27,-48.5,2012,27.4,31.78,23.16,36.78,17.43,3640.9,306,9,0,66,73,8.63
Norte,PA,Belem,-1.27,-48.5,2013,27.33,31.65,23.18,37.09,18.06,4121.75,298,9,0,73,79,8.47
Norte,PA,Belem,-1.27,-48.5,2014,27.53,31.92,23.27,36.65,18.83,4246.04,309,15,0,69,79,8.66
Norte,PA,Belem,-1.27,-48.5,2015,27.38,31.8,23.14,37.99,17.29,3765.53,310,12,0,56,66,8.67
Norte,PA,Belem,-1.27,-48.5,2016,27.5,31.8,23.37,36.44,18.23,3531.81,310,8,0,60,66,8.44
Norte,PA,Belem,-1.27,-48.5,2017,27.6,31.92,23.42,37.19,19.04,4171.68,305,17,0,70,77,8.5
Norte,PA,Belem,-1.27,-48.5,2018,27.46,31.78,23.27,35.94,17.75,3916.28,313,6,0,69,74,8.51
Norte,PA,Belem,-1.27,-48.5,2019,27.6,31.95,23.44,36.44,17.12,3705.75,314,12,0,63,70,8.51
Norte,PA,Belem,-1.27,-48.5,2020,27.52,31.84,23.34,36.58,18.59,3901.37,311,13,0,70,76,8.5
Norte,PA,Belem,-1.27,-48.5,2021,27.6,31.96,23.41,36.58,19.06,3958.41,309,13,0,70,80,8.55
Norte,PA,Belem,-1.27,-48.5,2022,27.53,31.8,23.41,36.51,19.13,3841.76,312,9,0,62,69,8.39
Norte,PA,Belem,-1.27,-48.5,2023,27.61,31.91,23.44,37.14,18.85,3857.53,317,13,0,67,74,8.47
Norte,PA,Belem,-1.27,-48.5,2024,27.54,31.87,23.38,36.28,18.76,3825.77,312,16,0,62,74,8.49
Norte,PA,Belem,-1.27,-48.5,2025,27.61,31.89,23.5,36.62,18.77,3709.23,312,13,0,58,69,8.39
Norte,RO,Porto Velho,-8.76,-63.9,2011,26.98,31.8,22.33,35.81,18.28,3956.03,309,7,0,66,71,9.47
Norte,RO,Porto Velho,-8.76,-63.9,2012,27.0,31.83,22.33,36.12,17.72,3820.54,312,3,0,66,68,9.5
Norte,RO,Porto Velho,-8.76,-63.9,2013,26.94,31.81,22.21,37.2,16.51,4091.1,312,16,0,67,77,9.59
Norte,RO,Porto Velho,-8.76,-63.9,2014,27.04,31.82,22.41,36.56,16.88,3735.13,308,7,0,57,62,9.41
Norte,RO,Porto Velho,-8.76,-63.9,2015,27.09,31.9,22.42,36.1,17.34,4060.2,315,9,0,69,77,9.49
Norte,RO,Porto Velho,-8.76,-63.9,2016,27.12,31.95,22.44,37.07,18.03,4347.39,322,16,0,66,76,9.51
Norte,RO,Porto Velho,-8.76,-63.9,2017,27.11,31.86,22.51,37.16,16.76,3780.09,310,14,0,59,67,9.35
Norte,RO,Porto Velho,-8.76,-63.9,2018,27.04,31.82,22.45,36.4,17.49,4014.23,303,18,0,72,84,9.37
Norte,RO,Porto Velho,-8.76,-63.9,2019,27.07,31.96,22.38,35.63,18.09,3706.24,312,11,0,62,72,9.57
Norte,RO,Porto Velho,-8.76,-63.9,2020,27.14,31.94,22.48,36.68,17.81,3958.28,318,16,0,66,79,9.46
Norte,RO,Porto Velho,-8.76,-63.9,2021,27.18,31.94,22.55,36.0,18.31,3945.11,313,15,0,66,74,9.39
Norte,RO,Porto Velho,-8.76,-63.9,2022,27.32,32.07,22.72,37.29,17.58,3569.53,318,17,0,55,69,9.35
Norte,RO,Porto Velho,-8.76,-63.9,2023,27.24,32.06,22.58,37.62,18.16,3735.16,315,21,0,59,70,9.48
Norte,RO,Porto Velho,-8.76,-63.9,2024,27.12,31.98,22.44,37.78,18.0,4177.4,308,18,0,71,85,9.54
Norte,RO,Porto Velho,-8.76,-63.9,2025,27.26,32.01,22.65,36.81,15.91,3735.19,320,15,0,63,76,9.36
Norte,RR,Boa Vista,2.82,-60.67,2011,28.17,32.55,23.94,37.4,18.4,3830.15,330,31,0,62,86,8.62
Norte,RR,Boa Vista,2.82,-60.67,2012,28.02,32.47,23.68,37.84,19.23,3529.55,339,28,0,57,78,8.8
Norte,RR,Boa Vista,2.82,-60.67,2013,28.02,32.52,23.68,38.0,18.38,3860.94,328,27,0,60,76,8.84
Norte,RR,Boa Vista,2.82,-60.67,2014,28.27,32.64,24.03,37.03,18.82,3814.28,345,40,0,59,89,8.61
Norte,RR,Boa Vista,2.82,-60.67,2015,28.25,32.66,23.97,37.29,18.54,3719.27,337,37,0,62,89,8.69
Norte,RR,Boa Vista,2.82,-60.67,2016,28.17,32.56,23.92,37.06,18.71,4424.19,338,39,0,65,95,8.64
Norte,RR,Boa Vista,2.82,-60.67,2017,28.19,32.58,23.93,36.99,19.35,4101.14,337,32,0,69,92,8.65
Norte,RR,Boa Vista,2.82,-60.67,2018,28.23,32.66,23.95,38.13,19.56,3722.51,344,41,0,67,91,8.71
Norte,RR,Boa Vista,2.82,-60.67,2019,28.17,32.64,23.86,37.64,18.45,4220.08,340,34,0,73,97,8.77
Norte,RR,Boa Vista,2.82,-60.67,2020,28.18,32.67,23.87,37.23,19.15,4344.84,332,32,0,78,102,8.8
Norte,RR,Boa Vista,2.82,-60.67,2021,28.26,32.68,23.99,37.57,19.32,4032.83,347,36,0,69,97,8.69
Norte,RR,Boa Vista,2.82,-60.67,2022,28.15,32.52,23.91,38.11,20.15,3950.58,342,24,0,56,76,8.6
Norte,RR,Boa Vista,2.82,-60.67,2023,28.32,32.73,24.07,38.49,19.05,4165.86,342,41,0,71,98,8.66
Norte,RR,Boa Vista,2.82,-60.67,2024,28.32,32.74,24.08,37.47,19.08,4011.67,342,39,0,64,95,8.66
Norte,RR,Boa Vista,2.82,-60.67,2025,28.34,32.82,24.01,37.65,19.02,4075.92,345,43,0,67,98,8.81
Norte,TO,Palmas,-10.16,-48.33,2011,28.59,33.42,23.95,37.65,18.19,3999.99,357,68,0,69,121,9.47
Norte,TO,Palmas,-10.16,-48.33,2012,28.34,33.21,23.67,38.11,18.57,3862.75,348,68,0,71,121,9.54
Norte,TO,Palmas,-10.16,-48.33,2013,28.37,33.18,23.7,38.62,18.96,4279.94,349,60,0,71,110,9.49
Norte,TO,Palmas,-10.16,-48.33,2014,28.41,33.37,23.63,38.46,19.4,3628.16,359,63,0,63,107,9.75
Norte,TO,Palmas,-10.16,-48.33,2015,28.45,33.37,23.69,37.8,18.65,3787.44,353,73,0,59,118,9.68
Norte,TO,Palmas,-10.16,-48.33,2016,28.41,33.3,23.66,38.1,19.47,3722.45,358,59,0,61,104,9.64
Norte,TO,Palmas,-10.16,-48.33,2017,28.47,33.34,23.74,38.79,18.65,3788.09,353,60,0,68,113,9.6
Norte,TO,Palmas,-10.16,-48.33,2018,28.58,33.51,23.82,38.41,18.72,3765.38,356,81,0,58,115,9.69
Norte,TO,Palmas,-10.16,-48.33,2019,28.45,33.29,23.76,38.48,19.21,3729.01,352,71,0,68,116,9.53
Norte,TO,Palmas,-10.16,-48.33,2020,28.61,33.54,23.83,38.9,18.38,4830.61,359,82,0,83,135,9.71
Norte,TO,Palmas,-10.16,-48.33,2021,28.55,33.39,23.83,37.89,19.24,4294.67,360,63,0,70,113,9.56
Norte,TO,Palmas,-10.16,-48.33,2022,28.5,33.36,23.79,38.01,18.88,3774.52,355,60,0,61,106,9.56
Norte,TO,Palmas,-10.16,-48.33,2023,28.61,33.47,23.92,37.9,18.98,4418.08,354,72,0,75,124,9.55
Norte,TO,Palmas,-10.16,-48.33,2024,28.61,33.53,23.85,38.56,18.67,3958.14,361,66,0,64,117,9.68
Norte,TO,Palmas,-10.16,-48.33,2025,28.64,33.6,23.84,39.25,18.93,4224.43,356,81,0,73,128,9.76
Sudeste,ES,Vitoria,-20.31,-40.31,2011,22.59,28.13,17.21,36.56,8.84,2081.58,132,4,1,29,34,10.92
Sudeste,ES,Vitoria,-20.31,-40.31,2012,22.57,28.05,17.23,35.8,9.31,2126.77,125,2,2,27,31,10.82
Sudeste,ES,Vitoria,-20.31,-40.31,2013,22.6,28.15,17.21,36.27,10.58,1906.66,126,3,0,27,30,10.94
Sudeste,ES,Vitoria,-20.31,-40.31,2014,22.51,28.05,17.12,35.7,10.2,2069.84,121,2,0,24,25,10.93
Sudeste,ES,Vitoria,-20.31,-40.31,2015,22.57,28.15,17.16,34.87,9.75,1995.99,123,0,1,26,27,10.98
Sudeste,ES,Vitoria,-20.31,-40.31,2016,22.55,28.16,17.1,36.02,9.85,2009.17,134,4,2,23,29,11.07
Sudeste,ES,Vitoria,-20.31,-40.31,2017,22.59,28.04,17.25,36.43,10.41,1762.02,121,2,0,21,21,10.78
Sudeste,ES,Vitoria,-20.31,-40.31,2018,22.66,28.18,17.29,36.88,9.21,1938.9,130,4,2,23,28,10.89
Sudeste,ES,Vitoria,-20.31,-40.31,2019,22.66,28.24,17.24,35.72,9.46,2241.47,131,2,1,28,31,11.0
Sudeste,ES,Vitoria,-20.31,-40.31,2020,22.72,28.29,17.35,36.62,9.85,1802.12,137,2,2,25,29,10.94
Sudeste,ES,Vitoria,-20.31,-40.31,2021,22.72,28.17,17.43,36.13,9.83,2134.26,130,5,1,28,34,10.75
Sudeste,ES,Vitoria,-20.31,-40.31,2022,22.73,28.26,17.35,36.39,9.63,2225.37,128,3,1,28,32,10.91
Sudeste,ES,Vitoria,-20.31,-40.31,2023,22.69,28.21,17.29,35.85,8.45,1988.53,132,5,2,29,35,10.93
Sudeste,ES,Vitoria,-20.31,-40.31,2024,22.7,28.19,17.35,35.6,9.12,2050.35,138,1,1,25,27,10.84
Sudeste,ES,Vitoria,-20.31,-40.31,2025,22.74,28.26,17.4,36.3,9.13,1850.29,130,5,2,22,28,10.86
Sudeste,MG,Belo Horizonte,-19.92,-43.94,2011,21.97,27.48,16.6,35.0,8.72,2097.65,101,1,5,33,39,10.88
Sudeste,MG,Belo Horizonte,-19.92,-43.94,2012,21.89,27.37,16.55,34.37,9.17,2154.43,104,0,2,28,30,10.82
Sudeste,MG,Belo Horizonte,-19.92,-43.94,2013,21.92,27.39,16.6,34.86,9.76,2089.72,98,0,2,30,32,10.79
Sudeste,MG,Belo Horizonte,-19.92,-43.94,2014,22.0,27.48,16.65,35.29,9.53,2031.71,106,3,2,32,37,10.83
Sudeste,MG,Belo Horizonte,-19.92,-43.94,2015,21.99,27.46,16.65,35.33,9.71,2283.19,109,1,3,31,34,10.81
Sudeste,MG,Belo Horizonte,-19.92,-43.94,2016,21.99,27.44,16.63,34.44,9.25,2143.46,104,0,4,26,30,10.81
Sudeste,MG,Belo Horizonte,-19.92,-43.94,2017,21.94,27.41,16.62,35.88,8.74,1838.26,104,3,3,26,32,10.78
Sudeste,MG,Belo Horizonte,-19.92,-43.94,2018,22.04,27.53,16.71,34.89,9.0,2211.39,111,0,2,29,31,10.83
Sudeste,MG,Belo Horizonte,-19.92,-43.94,2019,21.94,27.41,16.61,34.5,8.52,1691.3,108,0,5,20,25,10.8
Sudeste,MG,Belo Horizonte,-19.92,-43.94,2020,22.09,27.6,16.73,35.98,8.96,2478.0,114,1,4,37,42,10.87
Sudeste,MG,Belo Horizonte,-19.92,-43.94,2021,22.02,27.5,16.7,35.45,9.83,1761.19,109,1,1,24,26,10.81
Sudeste,MG,Belo Horizonte,-19.92,-43.94,2022,22.12,27.67,16.78,35.16,8.97,1972.3,125,1,5,24,30,10.89
Sudeste,MG,Belo Horizonte,-19.92,-43.94,2023,22.03,27.5,16.71,36.92,9.48,2329.13,100,1,3,31,35,10.79
Sudeste,MG,Belo Horizonte,-19.92,-43.94,2024,22.18,27.73,16.79,35.13,9.01,2186.09,112,2,5,27,34,10.94
Sudeste,MG,Belo Horizonte,-19.92,-43.94,2025,22.03,27.57,16.61,34.76,9.45,1958.53,111,0,3,25,27,10.96
Sudeste,RJ,Rio de Janeiro,-22.9,-43.17,2011,23.45,29.09,17.96,36.03,10.62,2166.5,153,10,0,27,34,11.13
Sudeste,RJ,Rio de Janeiro,-22.9,-43.17,2012,23.42,29.11,17.92,36.56,9.95,1697.22,156,14,2,19,35,11.19
Sudeste,RJ,Rio de Janeiro,-22.9,-43.17,2013,23.41,29.14,17.83,36.05,11.02,2042.26,152,9,0,23,30,11.31
Sudeste,RJ,Rio de Janeiro,-22.9,-43.17,2014,23.44,29.09,17.92,36.94,10.27,2068.99,163,10,0,28,35,11.18
Sudeste,RJ,Rio de Janeiro,-22.9,-43.17,2015,23.41,29.1,17.82,35.74,10.29,2160.58,155,5,0,33,38,11.28
Sudeste,RJ,Rio de Janeiro,-22.9,-43.17,2016,23.49,29.16,17.98,36.56,10.41,1922.48,156,6,0,22,28,11.19
Sudeste,RJ,Rio de Janeiro,-22.9,-43.17,2017,23.46,29.12,17.94,36.39,9.98,2103.6,153,8,1,32,38,11.18
Sudeste,RJ,Rio de Janeiro,-22.9,-43.17,2018,23.55,29.24,18.01,37.22,10.55,2440.64,162,9,0,36,43,11.22
Sudeste,RJ,Rio de Janeiro,-22.9,-43.17,2019,23.57,29.33,17.96,39.01,10.82,1879.3,169,14,0,23,33,11.37
Sudeste,RJ,Rio de Janeiro,-22.9,-43.17,2020,23.52,29.19,18.01,36.23,10.28,1906.23,166,10,0,23,32,11.18
Sudeste,RJ,Rio de Janeiro,-22.9,-43.17,2021,23.56,29.18,18.07,37.89,10.36,2037.61,152,11,0,26,36,11.11
Sudeste,RJ,Rio de Janeiro,-22.9,-43.17,2022,23.61,29.26,18.09,36.82,10.02,2081.35,164,10,0,29,36,11.18
Sudeste,RJ,Rio de Janeiro,-22.9,-43.17,2023,23.56,29.18,18.1,37.5,11.1,2468.54,160,14,0,39,47,11.08
Sudeste,RJ,Rio de Janeiro,-22.9,-43.17,2024,23.66,29.3,18.16,36.64,11.05,1791.43,165,14,0,24,37,11.14
Sudeste,RJ,Rio de Janeiro,-22.9,-43.17,2025,23.52,29.26,17.95,37.48,8.85,1964.42,162,20,1,27,44,11.31
Sudeste,SP,Sao Paulo,-23.55,-46.63,2011,21.02,26.7,15.46,34.74,8.63,1766.5,79,0,15,17,32,11.23
Sudeste,SP,Sao Paulo,-23.55,-46.63,2012,21.13,26.94,15.47,34.4,8.2,2160.42,81,0,15,30,45,11.47
Sudeste,SP,Sao Paulo,-23.55,-46.63,2013,21.02,26.75,15.46,33.66,8.51,1886.31,86,0,13,25,38,11.29
Sudeste,SP,Sao Paulo,-23.55,-46.63,2014,21.12,26.88,15.51,34.72,7.68,2146.93,83,0,14,26,39,11.37
Sudeste,SP,Sao Paulo,-23.55,-46.63,2015,21.21,26.81,15.74,35.96,8.95,2015.47,80,1,5,29,35,11.07
Sudeste,SP,Sao Paulo,-23.55,-46.63,2016,21.19,26.87,15.63,35.34,8.74,2116.3,86,1,12,24,36,11.23
Sudeste,SP,Sao Paulo,-23.55,-46.63,2017,21.35,27.13,15.72,34.47,8.37,1967.38,93,0,12,21,33,11.41
Sudeste,SP,Sao Paulo,-23.55,-46.63,2018,21.26,26.94,15.73,34.96,8.65,2163.87,90,0,13,29,42,11.22
Sudeste,SP,Sao Paulo,-23.55,-46.63,2019,21.32,27.11,15.7,34.16,8.41,2341.55,93,0,12,37,49,11.41
Sudeste,SP,Sao Paulo,-23.55,-46.63,2020,21.38,27.08,15.82,34.62,9.08,1645.99,96,0,6,16,21,11.26
Sudeste,SP,Sao Paulo,-23.55,-46.63,2021,21.34,27.05,15.78,34.16,9.07,1856.06,98,0,8,27,35,11.27
Sudeste,SP,Sao Paulo,-23.55,-46.63,2022,21.3,27.06,15.71,34.44,7.27,2066.81,97,0,15,28,43,11.34
Sudeste,SP,Sao Paulo,-23.55,-46.63,2023,21.26,26.98,15.67,34.12,8.69,2149.94,84,0,12,28,39,11.31
Sudeste,SP,Sao Paulo,-23.55,-46.63,2024,21.38,27.14,15.77,34.98,8.53,1844.47,99,0,13,22,35,11.37
Sudeste,SP,Sao Paulo,-23.55,-46.63,2025,21.28,26.99,15.71,34.02,7.78,1992.53,94,0,12,25,36,11.28
Sul,PR,Curitiba,-25.42,-49.27,2011,17.5,23.31,11.84,32.69,3.14,1163.26,21,0,151,9,156,11.47
Sul,PR,Curitiba,-25.42,-49.27,2012,17.36,23.18,11.7,33.04,2.6,1287.75,18,0,145,13,152,11.48
Sul,PR,Curitiba,-25.42,-49.27,2013,17.53,23.36,11.82,32.48,2.54,1125.12,29,0,150,13,157,11.54
Sul,PR,Curitiba,-25.42,-49.27,2014,17.36,23.17,11.68,32.8,2.9,1474.91,18,0,143,13,153,11.49
Sul,PR,Curitiba,-25.42,-49.27,2015,17.44,23.2,11.83,32.61,3.11,1281.68,15,0,141,11,150,11.36
Sul,PR,Curitiba,-25.42,-49.27,2016,17.51,23.33,11.87,31.8,2.33,1563.48,18,0,143,17,151,11.46
Sul,PR,Curitiba,-25.42,-49.27,2017,17.6,23.47,11.91,33.2,2.26,1454.76,19,0,149,14,159,11.57
Sul,PR,Curitiba,-25.42,-49.27,2018,17.49,23.26,11.88,31.84,2.47,1324.75,17,0,151,16,161,11.39
Sul,PR,Curitiba,-25.42,-49.27,2019,17.55,23.37,11.9,33.75,2.86,1065.17,29,0,147,6,148,11.47
Sul,PR,Curitiba,-25.42,-49.27,2020,17.6,23.44,11.94,32.04,3.38,1325.66,29,0,147,15,158,11.5
Sul,PR,Curitiba,-25.42,-49.27,2021,17.67,23.56,11.92,32.76,2.48,1351.45,26,0,141,14,151,11.64
Sul,PR,Curitiba,-25.42,-49.27,2022,17.56,23.41,11.85,33.54,3.18,1419.6,27,0,146,13,149,11.57
Sul,PR,Curitiba,-25.42,-49.27,2023,17.65,23.46,11.95,33.47,3.29,1571.6,33,0,147,17,159,11.52
Sul,PR,Curitiba,-25.42,-49.27,2024,17.61,23.39,11.98,32.87,2.81,1459.72,27,0,142,15,148,11.42
Sul,PR,Curitiba,-25.42,-49.27,2025,17.68,23.54,12.02,33.05,2.52,1069.48,26,0,147,7,151,11.52
Sul,RS,Porto Alegre,-30.03,-51.22,2011,18.7,24.85,12.7,33.79,3.59,1198.69,62,0,129,11,133,12.15
Sul,RS,Porto Alegre,-30.03,-51.22,2012,18.61,24.75,12.6,33.45,3.16,1074.55,58,0,129,9,134,12.15
Sul,RS,Porto Alegre,-30.03,-51.22,2013,18.79,24.9,12.8,34.19,3.78,1304.04,65,0,121,14,132,12.1
Sul,RS,Porto Alegre,-30.03,-51.22,2014,18.81,24.93,12.85,34.57,4.31,1269.04,65,0,124,13,135,12.08
Sul,RS,Porto Alegre,-30.03,-51.22,2015,18.71,24.84,12.74,33.58,3.83,1373.56,48,0,127,12,133,12.1
Sul,RS,Porto Alegre,-30.03,-51.22,2016,18.83,24.91,12.9,33.92,3.82,1181.58,61,0,127,8,131,12.01
Sul,RS,Porto Alegre,-30.03,-51.22,2017,18.83,24.96,12.81,34.93,4.6,1392.1,63,0,129,15,139,12.15
Sul,RS,Porto Alegre,-30.03,-51.22,2018,18.8,25.03,12.73,33.1,3.36,1308.01,60,0,134,10,140,12.3
Sul,RS,Porto Alegre,-30.03,-51.22,2019,18.97,25.03,13.06,34.31,1.91,1060.81,67,0,114,7,118,11.97
Sul,RS,Porto Alegre,-30.03,-51.22,2020,18.94,25.06,12.93,35.26,2.88,1149.78,73,1,119,7,124,12.13
Sul,RS,Porto Alegre,-30.03,-51.22,2021,18.85,25.04,12.8,34.48,3.42,1119.43,62,0,127,8,132,12.24
Sul,RS,Porto Alegre,-30.03,-51.22,2022,18.9,25.03,12.9,33.63,2.52,1107.27,73,0,121,8,126,12.13
Sul,RS,Porto Alegre,-30.03,-51.22,2023,18.91,25.01,12.98,35.61,2.14,1611.82,67,1,125,17,134,12.03
Sul,RS,Porto Alegre,-30.03,-51.22,2024,18.97,25.07,12.97,34.61,3.56,1342.02,68,0,119,12,131,12.1
Sul,RS,Porto Alegre,-30.03,-51.22,2025,18.88,25.06,12.91,34.01,3.77,1208.49,70,0,122,11,131,12.16
Sul,SC,Florianopolis,-27.59,-48.54,2011,18.27,24.33,12.42,33.14,3.48,1207.29,50,0,131,10,138,11.91
Sul,SC,Florianopolis,-27.59,-48.54,2012,18.36,24.37,12.52,33.25,2.02,1143.98,43,0,131,11,139,11.85
Sul,SC,Florianopolis,-27.59,-48.54,2013,18.21,24.13,12.47,32.88,3.37,1241.39,41,0,133,10,141,11.66
Sul,SC,Florianopolis,-27.59,-48.54,2014,18.31,24.29,12.51,33.89,2.94,1267.67,41,0,133,13,140,11.78
Sul,SC,Florianopolis,-27.59,-48.54,2015,18.33,24.27,12.55,33.48,4.16,1058.76,42,0,133,12,142,11.72
Sul,SC,Florianopolis,-27.59,-48.54,2016,18.27,24.25,12.42,32.66,1.51,1189.79,52,0,140,10,147,11.83
Sul,SC,Florianopolis,-27.59,-48.54,2017,18.38,24.44,12.46,33.06,3.01,1432.47,57,0,129,15,137,11.98
Sul,SC,Florianopolis,-27.59,-48.54,2018,18.43,24.38,12.64,33.43,3.76,990.54,46,0,129,10,134,11.74
Sul,SC,Florianopolis,-27.59,-48.54,2019,18.49,24.43,12.7,33.67,2.54,1284.95,44,0,125,10,131,11.74
Sul,SC,Florianopolis,-27.59,-48.54,2020,18.56,24.52,12.77,33.03,4.2,1343.12,51,0,127,14,135,11.76
Sul,SC,Florianopolis,-27.59,-48.54,2021,18.45,24.46,12.62,33.41,3.83,1181.11,47,0,131,8,134,11.84
Sul,SC,Florianopolis,-27.59,-48.54,2022,18.54,24.54,12.72,33.17,4.2,1347.14,47,0,134,13,142,11.82
Sul,SC,Florianopolis,-27.59,-48.54,2023,18.51,24.5,12.7,32.22,3.6,1101.91,54,0,137,8,142,11.8
Sul,SC,Florianopolis,-27.59,-48.54,2024,18.58,24.63,12.66,33.97,2.58,1153.81,55,0,132,14,139,11.97
Sul,SC,Florianopolis,-27.59,-48.54,2025,18.62,24.58,12.8,34.09,3.71,1290.04,56,0,123,13,131,11.78
